CLIENTS,CERTIFICATIONS,WEBSITE
19th & Park,MBE/WBENC/WOSB,"<a href=""https://www.19parkinc.com"" target=""_blank"" rel=""noopener"">www.19parkinc.com</a>"
"2nd ACT Consulting, LLC",MBE/WBENC/WOSB/DBE/SAM,"<a href=""http://www.2ndactconsulting.com/"" target=""_blank"" rel=""noopener"">http://www.2ndactconsulting.com/</a>"
360 Solutions LLC,WBENC,"<a href=""https://www.threesixtyglobal.com"" target=""_blank"" rel=""noopener"">www.threesixtyglobal.com</a>"
3Steps4ward,MBE/SBE,"<a href=""https://3steps4ward.com/"" target=""_blank"" rel=""noopener"">https://3steps4ward.com/</a>"
A&M NorCal LLC,DBE,"<a href=""https://www.amnorcal.com/"" target=""_blank"" rel=""noopener"">https://www.amnorcal.com/</a>"
A.E Kieren Illustration,NGLCC,"<a href=""https://www.aekieren.com"" target=""_blank"" rel=""noopener"">www.aekieren.com</a>"
Abigail Stason LLC,WBENC/NGLCC,"<a href=""https://www.abigailstason.com"" target=""_blank"" rel=""noopener"">www.abigailstason.com</a>"
Abotts Consulting Inc.,MBE/SBE/WBENC,"<a href=""https://www.abotts.com"" target=""_blank"" rel=""noopener"">www.abotts.com</a>"
Acoustic Innovations,MBE,"<a href=""https://acousticinnovations.net"" target=""_blank"" rel=""noopener"">acousticinnovations.net</a>"
Across The Pond,WBENC,"<a href=""https://www.atp.tv"" target=""_blank"" rel=""noopener"">www.atp.tv</a>"
Adaptive Business Solutions,NVBDC,"<a href=""https://www.abstb.com"" target=""_blank"" rel=""noopener"">www.abstb.com</a>"
Agile Point,MBE/SBE/CPUC,"<a href=""https://www.agilepoint.com/"" target=""_blank"" rel=""noopener"">https://www.agilepoint.com/</a>"
Air Sea Worldwide,MSDC,"<a href=""https://www.airseaworldwide.com/index.php/en/"" target=""_blank"" rel=""noopener"">https://www.airseaworldwide.com/index.php/en/</a>"
Alison Service Company,MBE,"<a href=""https://www.alisonserviceco.com/"" target=""_blank"" rel=""noopener"">https://www.alisonserviceco.com/</a>"
Alliance Information Technology and Computer Software Solutions Inc (Alliance IT),MBE/SBE,"<a href=""https://www.allianceit.com"" target=""_blank"" rel=""noopener"">www.allianceit.com</a>"
"Allied Janitorial Services and Supplies, Inc",MBE/SBE/CPUC,"<a href=""https://www.alliedjanitorialservices.com"" target=""_blank"" rel=""noopener"">www.alliedjanitorialservices.com</a>"
Ameriinfo,MBE/SBE,"<a href=""https://www.ameriinfo.com"" target=""_blank"" rel=""noopener"">www.ameriinfo.com</a>"
Aplos America Inc.,MBE/State Cert,"<a href=""http://www.aplosamerica.com/"" target=""_blank"" rel=""noopener"">http://www.aplosamerica.com/</a>"
Apptivo,MBE/CPUC,"<a href=""https://www.profit.co"" target=""_blank"" rel=""noopener"">www.profit.co</a>"
Avadi Leadership,MBE/WBENC,"<a href=""https://www.avadileaders.com"" target=""_blank"" rel=""noopener"">www.avadileaders.com</a>"
"Avital Tours, Inc",WBENC,"<a href=""https://www.avitaltours.com"" target=""_blank"" rel=""noopener"">www.avitaltours.com</a>"
AZTL (Ashley’s Zen Therapy Lounge),MBE/WBE,"<a href=""https://aztl222.com/"" target=""_blank"" rel=""noopener"">https://aztl222.com/</a>"
Bach Enterprise,MBE,"<a href=""https://www.bachusa.com"" target=""_blank"" rel=""noopener"">www.bachusa.com</a>"
Bar None Games,NGLCC,"<a href=""https://www.barnonegames.com"" target=""_blank"" rel=""noopener"">www.barnonegames.com</a>"
Battery Buyers Inc. dba Battery Recyclers,WBENC/DBE,"<a href=""https://www.mybrs.com"" target=""_blank"" rel=""noopener"">www.mybrs.com</a>"
Bay Area Pipe,DBE,"<a href=""https://sfbape.com/"" target=""_blank"" rel=""noopener"">https://sfbape.com/</a>"
Bay Painting Inc,MBE,"<a href=""https://www.baypaintinginc.com"" target=""_blank"" rel=""noopener"">www.baypaintinginc.com</a>"
Be Well Integrative Health Partners,MBE,"<a href=""http://www.bewellihp.com/"" target=""_blank"" rel=""noopener"">http://www.bewellihp.com/</a>"
Bench-Tek Solutions LLC,MBE/WBENC/WOSB/CPUC,"<a href=""https://www.bench-tek.com"" target=""_blank"" rel=""noopener"">www.bench-tek.com</a>"
Ben’s Roofing,MBE/SBE/CPUC/SLEB,"<a href=""https://www.bensroofing.com"" target=""_blank"" rel=""noopener"">www.bensroofing.com</a>"
Biarca Inc,MBE/SBE/WBENC/WOSB/CPUC,"<a href=""https://biarca.com/"" target=""_blank"" rel=""noopener"">https://biarca.com/</a>"
Big Plan LLC (Fang Fang),MBE,"<a href=""http://www.bigplan.io/"" target=""_blank"" rel=""noopener"">http://www.bigplan.io/</a>"
Biz Mathematica LLC,WBENC,"<a href=""https://www.bizmathematica.com"" target=""_blank"" rel=""noopener"">www.bizmathematica.com</a>"
"Blue Lake Packaging, Inc",MBE/WBENC,"<a href=""https://www.bluelakepackaging.com"" target=""_blank"" rel=""noopener"">www.bluelakepackaging.com</a>"
Bondsforever Inc dba Shastha Foods,MBE,"<a href=""https://www.shasthafoods.com"" target=""_blank"" rel=""noopener"">www.shasthafoods.com</a>"
Boo Holdings LLC diba Impact Strategic Consulting,NGLCC,"<a href=""https://www.impact-strat.com"" target=""_blank"" rel=""noopener"">www.impact-strat.com</a>"
Broadway Bldg Grp,WBENC,"<a href=""https://www.westbroadwayco.com/"" target=""_blank"" rel=""noopener"">https://www.westbroadwayco.com/</a>"
Buck Davis & Company,NGLCC,"<a href=""https://www.buckdavis.com"" target=""_blank"" rel=""noopener"">www.buckdavis.com</a>"
Buxton Consulting,MBE/SBE/CPUC,"<a href=""https://www.buxtonconsulting.com"" target=""_blank"" rel=""noopener"">www.buxtonconsulting.com</a>"
BWA Studios,MBE/WBENC,"<a href=""https://www.bwastudios.com/"" target=""_blank"" rel=""noopener"">https://www.bwastudios.com/</a>"
C&M General Cleaning Services,MBE/WBE,"<a href=""https://www.cmgeneralcleaning.com/"" target=""_blank"" rel=""noopener"">https://www.cmgeneralcleaning.com/</a>"
C20 Studios,MBE,"<a href=""https://c2ostudios.com/"" target=""_blank"" rel=""noopener"">https://c2ostudios.com/</a>"
C2C Logistics LLC,MBE/SBE,"<a href=""https://c2clogisticsllc.com/"" target=""_blank"" rel=""noopener"">https://c2clogisticsllc.com/</a>"
Candoo PBC dba Candoo Tech,WBENC,"<a href=""https://www.candootech.com"" target=""_blank"" rel=""noopener"">www.candootech.com</a>"
Cantechtools LLC dba Enerdronics,SBE,"<a href=""https://www.cantechtools.com"" target=""_blank"" rel=""noopener"">www.cantechtools.com</a>"
CEFERTS LLC,MBE/SBE,"<a href=""https://www.ceferts.com"" target=""_blank"" rel=""noopener"">www.ceferts.com</a>"
Centerline Precision,MBE/SBE,"<a href=""https://www.centerlinep.com"" target=""_blank"" rel=""noopener"">www.centerlinep.com</a>"
Cetera Marketing,SAM,"<a href=""https://www.ceteramarketing.com"" target=""_blank"" rel=""noopener"">www.ceteramarketing.com</a>"
Ciel Creative Space,MBE/WBENC,"<a href=""https://www.cielcreativespace.com"" target=""_blank"" rel=""noopener"">www.cielcreativespace.com</a>"
CIMCON Software LLC,MBE,"<a href=""https://www.cimcon.com"" target=""_blank"" rel=""noopener"">www.cimcon.com</a>"
"Claims-X-Change, LLC and MediVeda Solutions, Inc. DBA CXC Solution",MBE/SBE,"<a href=""https://www.cxcnetwork.com"" target=""_blank"" rel=""noopener"">www.cxcnetwork.com</a>"
CleanMark Group Inc,WBENC,"<a href=""https://www.cleanmark.com"" target=""_blank"" rel=""noopener"">www.cleanmark.com</a>"
Clear Blue Commercial,WBE/WOSB/CPUC,"<a href=""https://www.clearbluecommercial.com"" target=""_blank"" rel=""noopener"">www.clearbluecommercial.com</a>"
Coach To Discover,MBE/SBE,"<a href=""https://www.coachingtodiscover"" target=""_blank"" rel=""noopener"">www.coachingtodiscover</a>"
Columbus Technology Solutions inc,MBE,"<a href=""https://www.columbustechnologysolutions.com"" target=""_blank"" rel=""noopener"">www.columbustechnologysolutions.com</a>"
Common Ground Spirits,MBE/SBE,"<a href=""https://www.commongroundspirits.com"" target=""_blank"" rel=""noopener"">www.commongroundspirits.com</a>"
Communications Catalyst Incorporated,WBENC,"<a href=""https://www.jmgrumet.com"" target=""_blank"" rel=""noopener"">www.jmgrumet.com</a>"
Complete Business Solutions Inc,WBENC,"<a href=""https://combussol.com/"" target=""_blank"" rel=""noopener"">https://combussol.com/</a>"
Complete Tablet Solutions LLP,MBE,"<a href=""https://www.completetable.com"" target=""_blank"" rel=""noopener"">www.completetable.com</a>"
Compusharp Inc,MBE/SBE/CPUC,"<a href=""https://www.compusharp.com"" target=""_blank"" rel=""noopener"">www.compusharp.com</a>"
Covered Records Inc dba Crossclear Inc.,NGLCC in process,"<a href=""https://www.coveredrecords.com"" target=""_blank"" rel=""noopener"">www.coveredrecords.com</a>"
Cr8tive Row LLC,MBE,"<a href=""https://www.cr8tiverow.com"" target=""_blank"" rel=""noopener"">www.cr8tiverow.com</a>"
Craftiful LLC dba Craftiful Studio,WBENC,"<a href=""https://www.craftifulstudio.com"" target=""_blank"" rel=""noopener"">www.craftifulstudio.com</a>"
Creative Engineering LLC,NVBDC/DOBE,"<a href=""https://www.mpgpainting.net"" target=""_blank"" rel=""noopener"">www.mpgpainting.net</a>"
Creative Facilitations LLC,WBENC,"<a href=""https://www.creativefacilitations.com"" target=""_blank"" rel=""noopener"">www.creativefacilitations.com</a>"
Croft Consulting Services,WBE,"<a href=""https://croftconsultingservices.com"" target=""_blank"" rel=""noopener"">croftconsultingservices.com</a>"
C-Suite Coaching,MBE/WBENC/NGLCC,"<a href=""https://www.csuitecoach.com"" target=""_blank"" rel=""noopener"">www.csuitecoach.com</a>"
Culinary Artistas,MBE/WBENC,"<a href=""https://www.culinaryartistas.com"" target=""_blank"" rel=""noopener"">www.culinaryartistas.com</a>"
Culture Management Group,MBE,"<a href=""https://Afrochella.com"" target=""_blank"" rel=""noopener"">Afrochella.com</a>"
CWW Group,MBE/SBE/CPUC/DBE,"<a href=""https://www.cwwgrp.com"" target=""_blank"" rel=""noopener"">www.cwwgrp.com</a>"
Cybernautix Systems LLC,MBE,"<a href=""https://www.dotexe.com"" target=""_blank"" rel=""noopener"">www.dotexe.com</a>"
DC Drywall,DBE,
Debonair Events,WBE,"<a href=""https://www.thedebonairevents.com/"" target=""_blank"" rel=""noopener"">https://www.thedebonairevents.com/</a>"
Devcon Construction Inc,NVBDC,"<a href=""https://www.devconconstruction.com/careers"" target=""_blank"" rel=""noopener"">https://www.devconconstruction.com/careers</a>"
Dex Tech LLC,MBE,
Digital Media & Energy Efficiency,WBE,
Diligente Technologies,MBE/WBE,"<a href=""https://www.diligentetechnologies.com"" target=""_blank"" rel=""noopener"">www.diligentetechnologies.com</a>"
DJ Kara LA LLC,MBE/WBE/NGLCC,"<a href=""https://www.djkarala.com"" target=""_blank"" rel=""noopener"">www.djkarala.com</a>"
DOPE Digital Tech Lab,MBE,"<a href=""https://www.dopelabs.org"" target=""_blank"" rel=""noopener"">www.dopelabs.org</a>"
Drone Worx Pro-Washing Inc,MBE/SBE,"<a href=""https://www.droneworxprowashing.com/"" target=""_blank"" rel=""noopener"">https://www.droneworxprowashing.com/</a>"
Dula-Werke Dustmann & Co,DOBE,"<a href=""https://www.dula.de"" target=""_blank"" rel=""noopener"">www.dula.de</a>"
E Computer Technologies,MBE/SBE/HUB,"<a href=""http://www.ecomputertech.com/"" target=""_blank"" rel=""noopener"">http://www.ecomputertech.com/</a>"
E3 Consulting Corporation,WBENC/WOSB,"<a href=""https://www.ergonomicconsultants.com"" target=""_blank"" rel=""noopener"">www.ergonomicconsultants.com</a>"
Edgeall Inc,MBE/SBE/WBE,"<a href=""https://www.edgeall.com/myedge/jsp/index.jsp"" target=""_blank"" rel=""noopener"">https://www.edgeall.com/myedge/jsp/index.jsp</a>"
Eight25Media,MBE,"<a href=""https://www.eight25media.com"" target=""_blank"" rel=""noopener"">www.eight25media.com</a>"
Element Structural Engineers,MBE/SBE/WBENC/WOSB/CPUC/SAM,"<a href=""https://www.elementse.com"" target=""_blank"" rel=""noopener"">www.elementse.com</a>"
Embrava Group,WBENC,"<a href=""https://www.embravagroup.com"" target=""_blank"" rel=""noopener"">www.embravagroup.com</a>"
Emergent Risk International,WBENC,"<a href=""https://www.emergentriskinternational.com"" target=""_blank"" rel=""noopener"">www.emergentriskinternational.com</a>"
"Environmental Plus, Inc",MBE,"<a href=""https://www.epi-usa.com"" target=""_blank"" rel=""noopener"">www.epi-usa.com</a>"
Envirotek Industrial,WBENC,"<a href=""http://www.envirotekindustrialcleaning.com/"" target=""_blank"" rel=""noopener"">http://www.envirotekindustrialcleaning.com/</a>"
ePrint Online,WBE,"<a href=""http://www.eprint.eco.br/"" target=""_blank"" rel=""noopener"">http://www.eprint.eco.br/</a>"
Erpmark Inc.,MBE,"<a href=""https://erpmark.com/"" target=""_blank"" rel=""noopener"">https://erpmark.com/</a>"
Excell Consulting Inc,MBE/CPUC,"<a href=""https://www.excellconinc.com"" target=""_blank"" rel=""noopener"">www.excellconinc.com</a>"
Executive Talent Management,WBENC,"<a href=""https://www.etmcnetwork.com/#/"" target=""_blank"" rel=""noopener"">https://www.etmcnetwork.com/#/</a>"
"Expectant Advisory, LLC",MBE,"<a href=""https://expectantadvisory.com/#home"" target=""_blank"" rel=""noopener"">https://expectantadvisory.com/#home</a>"
Facit Consulting LLC,NGLCC,"<a href=""https://facit.miami/"" target=""_blank"" rel=""noopener"">https://facit.miami/</a>"
Factor Creative LLC,MBE,"<a href=""https://www.factorsf.com"" target=""_blank"" rel=""noopener"">www.factorsf.com</a>"
Factory 360,MBE,"<a href=""https://factory360.com/"" target=""_blank"" rel=""noopener"">https://factory360.com/</a>"
"FCG, Inc",WBENC,"<a href=""https://www.thrivepointprograms.com"" target=""_blank"" rel=""noopener"">www.thrivepointprograms.com</a>"
Firefly Pros Inc,WBE/WOSB,"<a href=""https://fireflypros.com/"" target=""_blank"" rel=""noopener"">https://fireflypros.com/</a>"
Fisec Global Inc.,SLEB/WBE,"<a href=""http://www.fisecglobal.net/"" target=""_blank"" rel=""noopener"">http://www.fisecglobal.net/</a>"
Flouracity,NGLCC,"<a href=""https://www.flouracity.com"" target=""_blank"" rel=""noopener"">www.flouracity.com</a>"
Forticon Inc,MBE/SBE/CPUC/DBE/SLEB,"<a href=""https://www.forticon.com"" target=""_blank"" rel=""noopener"">www.forticon.com</a>"
"Foursteps Solutions, LLC",MBE/SBE,"<a href=""https://www.foursteps.solutions"" target=""_blank"" rel=""noopener"">www.foursteps.solutions</a>"
Fragomen,WBE,"<a href=""https://www.fragomen.com"" target=""_blank"" rel=""noopener"">www.fragomen.com</a>"
Frater Real Estate,SBE/MBE/SAM,"<a href=""https://www.fraterrealestate.com"" target=""_blank"" rel=""noopener"">www.fraterrealestate.com</a>"
"Frazer Solutions, LLC",MBE/NVBDC,"<a href=""https://www.frazersol.com"" target=""_blank"" rel=""noopener"">www.frazersol.com</a>"
friEdTechnology,WBENC/WOSB/SAM,"<a href=""https://www.friedtechnology.com"" target=""_blank"" rel=""noopener"">www.friedtechnology.com</a>"
FTGU Allegiance LLC,MBE/SBE/WBENC/WOSB/SAM,"<a href=""https://n/a"" target=""_blank"" rel=""noopener"">n/a</a>"
Fun Team Events,NGLCC,"<a href=""https://www.funteamevents.com"" target=""_blank"" rel=""noopener"">www.funteamevents.com</a>"
Genre Foods LLC,WBENC,"<a href=""https://N/A"" target=""_blank"" rel=""noopener"">N/A</a>"
"George Films Inc, dba George Media",WBENC,"<a href=""https://www.george.media"" target=""_blank"" rel=""noopener"">www.george.media</a>"
Get Marketing,MBE/WBENC/NVBDC,"<a href=""https://www.getmarketing.com"" target=""_blank"" rel=""noopener"">www.getmarketing.com</a>"
"Get TAGit, Inc.",MBE/WBENC,"<a href=""https://www.gettagit.com"" target=""_blank"" rel=""noopener"">www.gettagit.com</a>"
Givsly PBC,NGLCC,"<a href=""https://givsly.com"" target=""_blank"" rel=""noopener"">givsly.com</a>"
"Global Gourmet (Avatar Foods International, Inc., dba Global Gourmet Catering)",WBENC,"<a href=""https://www.ggcatering.com/"" target=""_blank"" rel=""noopener"">https://www.ggcatering.com/</a>"
GraceMark Solutions,MBE,"<a href=""https://gracemarksolutions.com/"" target=""_blank"" rel=""noopener"">https://gracemarksolutions.com/</a>"
"Grand Electric & Construction Co., Inc.",MBE,"<a href=""https://www.grandelectric.us"" target=""_blank"" rel=""noopener"">www.grandelectric.us</a>"
Greenbuild Maintenance Group,WBENC,"<a href=""https://www.greenbuildcg.com"" target=""_blank"" rel=""noopener"">www.greenbuildcg.com</a>"
Greenery NYC,WBENC,"<a href=""https://www.greenerynyc.com"" target=""_blank"" rel=""noopener"">www.greenerynyc.com</a>"
Guacamaya Painting Inc,MBE/WBENC,"<a href=""https://www.guacamayapainting.com"" target=""_blank"" rel=""noopener"">www.guacamayapainting.com</a>"
Harperville Inc,MBE,"<a href=""https://www.harperville.com"" target=""_blank"" rel=""noopener"">www.harperville.com</a>"
Harris & Lee Environmental Sciences LLC,WBENC,"<a href=""https://www.hlenv.com"" target=""_blank"" rel=""noopener"">www.hlenv.com</a>"
Hen’s Tooth Productions LLC,WBENC,"<a href=""https://www.henstoothpro.com"" target=""_blank"" rel=""noopener"">www.henstoothpro.com</a>"
Heron Production Group Inc,WBENC,"<a href=""https://www.heronpg.com"" target=""_blank"" rel=""noopener"">www.heronpg.com</a>"
Hey Beautiful Jerk,WBENC,"<a href=""https://www.heybeautifuljerk.com"" target=""_blank"" rel=""noopener"">www.heybeautifuljerk.com</a>"
Hintze Law,MBE/NGLCC,"<a href=""https://www.hintzelaw.com"" target=""_blank"" rel=""noopener"">www.hintzelaw.com</a>"
HollandWest Production LLC,MBE,"<a href=""https://www.hollandwestproductions.com/"" target=""_blank"" rel=""noopener"">https://www.hollandwestproductions.com/</a>"
"Hollins Consulting, Inc",MBE,"<a href=""https://www.hollinsconsult.com"" target=""_blank"" rel=""noopener"">www.hollinsconsult.com</a>"
Hopr LLC,NGLCC,"<a href=""https://www.hopr.tv"" target=""_blank"" rel=""noopener"">www.hopr.tv</a>"
Hotfusion Communications Inc,WBENC,"<a href=""https://www.hotfusion.net"" target=""_blank"" rel=""noopener"">www.hotfusion.net</a>"
"Hugo Technologies, Inc",MBE,"<a href=""https://www.hugotech.co"" target=""_blank"" rel=""noopener"">www.hugotech.co</a>"
Hypothesis Inc,WBENC,"<a href=""https://www.hypothesisgroup.com"" target=""_blank"" rel=""noopener"">www.hypothesisgroup.com</a>"
iBase Technologies Inc.,State Cert,"<a href=""https://ibasetechnologies.com"" target=""_blank"" rel=""noopener"">ibasetechnologies.com</a>"
IDC Technologies,CPUC/MBE,"<a href=""https://www.idctechnologies.com"" target=""_blank"" rel=""noopener"">www.idctechnologies.com</a>"
Imaddudin Consulting Group,MBE,"<a href=""https://www.imadb2b.com"" target=""_blank"" rel=""noopener"">www.imadb2b.com</a>"
Impact Strategy Group,MBE/WBENC,"<a href=""https://www.impactstrategygroup.org"" target=""_blank"" rel=""noopener"">www.impactstrategygroup.org</a>"
"Imprint, LLC Bom Parties",WBENC,"<a href=""https://www.thebomparties.com"" target=""_blank"" rel=""noopener"">www.thebomparties.com</a>"
Infometry,MBE,"<a href=""https://www.infometry.net"" target=""_blank"" rel=""noopener"">www.infometry.net</a>"
Infotech Spectrum Inc,MBE/SBE/CPUC,"<a href=""https://www.infotechspectrum.com"" target=""_blank"" rel=""noopener"">www.infotechspectrum.com</a>"
Infoway Solutions LLC,MBE/SBE/CPUC,"<a href=""https://www.infowaygroup.com"" target=""_blank"" rel=""noopener"">www.infowaygroup.com</a>"
"Infrastructure Professional Services and Equipment, LLC",MBE,"<a href=""https://www.procore.com/network/p/infrastructure-professional-services-and-equipment-llc-greensboro"" target=""_blank"" rel=""noopener"">https://www.procore.com/network/p/infrastructure-professional-services-and-equipment-llc-greensboro</a>"
Insight Intelli Inc,MBE,"<a href=""http://www.insightintelli.com/"" target=""_blank"" rel=""noopener"">http://www.insightintelli.com/</a>"
International Solution Sources LLC (Intersources Inc),MBE/SBE/WBENC,"<a href=""https://www.intersourcesinc.com"" target=""_blank"" rel=""noopener"">www.intersourcesinc.com</a>"
Invisible Hand LLC,WBENC,"<a href=""https://www.invisiblehand.co"" target=""_blank"" rel=""noopener"">www.invisiblehand.co</a>"
INVOVIA INC,SBE/MBE/SLEB,"<a href=""https://invovia.com/"" target=""_blank"" rel=""noopener"">https://invovia.com/</a>"
Island Builders Group,MBE/DBE,"<a href=""https://www.ibg-ny.com"" target=""_blank"" rel=""noopener"">www.ibg-ny.com</a>"
Island Vibe LLC,MBE/SBE/NVBDC,"<a href=""https://www.drinkislandvibe.com"" target=""_blank"" rel=""noopener"">www.drinkislandvibe.com</a>"
ISTA Engineers LLC,WBENC,"<a href=""https://www.istaengineers.com"" target=""_blank"" rel=""noopener"">www.istaengineers.com</a>"
iTek People Inc,MBE,"<a href=""https://www.itekpeople.com"" target=""_blank"" rel=""noopener"">www.itekpeople.com</a>"
J. Cutt Productions,MBE,"<a href=""https://www.jcutt.com"" target=""_blank"" rel=""noopener"">www.jcutt.com</a>"
J. Rinehart Gallery LLC,WBENC,"<a href=""https://www.jrinehartgallery.com"" target=""_blank"" rel=""noopener"">www.jrinehartgallery.com</a>"
Jahangiri Law Group of Professional Corporation,MBE/SBE/WBENC/WOSB,"<a href=""https://www.thejlawgroup.com"" target=""_blank"" rel=""noopener"">www.thejlawgroup.com</a>"
Justice Speaks Strategies,MBE/WBENC,"<a href=""https://justicespeaks.us/"" target=""_blank"" rel=""noopener"">https://justicespeaks.us/</a>"
JUV Consulting,MBE/NGLCC,"<a href=""https://www.juvconsulting.com"" target=""_blank"" rel=""noopener"">www.juvconsulting.com</a>"
JVZ Group,MBE/SBE,"<a href=""https://sites.google.com/view/jvzgroupinc/home"" target=""_blank"" rel=""noopener"">https://sites.google.com/view/jvzgroupinc/home</a>"
Karmapants Photography,WBENC,"<a href=""https://www.karmapants.com"" target=""_blank"" rel=""noopener"">www.karmapants.com</a>"
Karwell Technologies Inc.,MBE,"<a href=""http://www.karwelltech.us/"" target=""_blank"" rel=""noopener"">http://www.karwelltech.us/</a>"
Katalyst Healthcare & Life Sciences Inc,MBE,"<a href=""https://www.katalystHLS.com"" target=""_blank"" rel=""noopener"">www.katalystHLS.com</a>"
Kimzin Creative LLC,MBE,"<a href=""https://www.nikkokimzin.com"" target=""_blank"" rel=""noopener"">www.nikkokimzin.com</a>"
King Bach Enterprises LLC,WBENC,"<a href=""https://www.bachusa.com"" target=""_blank"" rel=""noopener"">www.bachusa.com</a>"
Kiwi Vision LLC,MBE/SBE/WBENC,"<a href=""https://www.themorgansquare.com"" target=""_blank"" rel=""noopener"">www.themorgansquare.com</a>"
Kluge Strategic,MBE,"<a href=""https://www.klugeinteractive.com"" target=""_blank"" rel=""noopener"">www.klugeinteractive.com</a>"
Koami Architecture,WBENC,"<a href=""https://www.koamiarchitecture.com"" target=""_blank"" rel=""noopener"">www.koamiarchitecture.com</a>"
Konnectingtree,WBENC,"<a href=""https://www.konnectingtree.com"" target=""_blank"" rel=""noopener"">www.konnectingtree.com</a>"
Labdesign,WBENC,"<a href=""https://www.labdesign.com/#home"" target=""_blank"" rel=""noopener"">https://www.labdesign.com/#home</a>"
"Law Office of Chun T. Wright, PLLC",MBE/WBENC,"<a href=""https://www.ctwrightlaw.com"" target=""_blank"" rel=""noopener"">www.ctwrightlaw.com</a>"
LBT Marketing,WBENC,"<a href=""https://www.lifeisbettertogether.store"" target=""_blank"" rel=""noopener"">www.lifeisbettertogether.store</a>"
Lea Stafford Events,MBE/SBE/WBENC,"<a href=""https://www.leastafford.com"" target=""_blank"" rel=""noopener"">www.leastafford.com</a>"
LeChat,MBE,"<a href=""https://lechatnails.com/"" target=""_blank"" rel=""noopener"">https://lechatnails.com/</a>"
Lewis and Tibbits,CPUC,"<a href=""https://www.diglt.com"" target=""_blank"" rel=""noopener"">www.diglt.com</a>"
Livemindz,WBENC/Texas Hub,"<a href=""https://www.liveminds.co"" target=""_blank"" rel=""noopener"">www.liveminds.co</a>"
Logos Global Tech,MBE/SBE/WBENC/WOSB/CPUC,"<a href=""http://logosglobaltech.com/"" target=""_blank"" rel=""noopener"">http://logosglobaltech.com/</a>"
Lovers Not Haters,MBE,"<a href=""https://www.loversnothaters.com"" target=""_blank"" rel=""noopener"">www.loversnothaters.com</a>"
Luis Pedro Castillo Pictures,MBE/SBE,"<a href=""http://www.luispedrocastillo.com/"" target=""_blank"" rel=""noopener"">http://www.luispedrocastillo.com/</a>"
Luminating Works LLC,MBE/WBENC,"<a href=""https://www.cultureshift.agency"" target=""_blank"" rel=""noopener"">www.cultureshift.agency</a>"
"Maidstone Films, Inc",WBENC,"<a href=""https://maidstonesolutions.co"" target=""_blank"" rel=""noopener"">maidstonesolutions.co</a>"
Mark Infotech Inc,MBE/WBENC,"<a href=""https://markinfotech.com/"" target=""_blank"" rel=""noopener"">https://markinfotech.com/</a>"
Master Powder Coating Inc.,MBE/SBE/WBENC,"<a href=""https://www.masterpowdercoating.com"" target=""_blank"" rel=""noopener"">www.masterpowdercoating.com</a>"
MBH Architects,MBE,"<a href=""https://mbharch.com"" target=""_blank"" rel=""noopener"">mbharch.com</a>"
Melrose Project Management,WBENC,"<a href=""https://n/a"" target=""_blank"" rel=""noopener"">n/a</a>"
Merman Branded,WBENC,"<a href=""https://hellomerman.com/"" target=""_blank"" rel=""noopener"">https://hellomerman.com/</a>"
"Merman USA, LLC",WBENC,"<a href=""https://www.hellomerman.com"" target=""_blank"" rel=""noopener"">www.hellomerman.com</a>"
Misram LLC,WBENC/WOSB,"<a href=""https://www.spectronn.com"" target=""_blank"" rel=""noopener"">www.spectronn.com</a>"
Mobile Technologies Inc,MBE,"<a href=""https://www.mtigs.com"" target=""_blank"" rel=""noopener"">www.mtigs.com</a>"
Mosaic Consulting Group,WBENC/WOSB,"<a href=""https://www.mosaic-cg.com"" target=""_blank"" rel=""noopener"">www.mosaic-cg.com</a>"
MP Structural Engineers,SBE/DBE,"<a href=""https://www.mpstructural.com"" target=""_blank"" rel=""noopener"">www.mpstructural.com</a>"
"Nettrux, LLC",MBE/WBENC,"<a href=""http://www.nettrux.net/"" target=""_blank"" rel=""noopener"">http://www.nettrux.net/</a>"
Never Whisper Justice,MBE,"<a href=""https://neverwhisperjustice.com/"" target=""_blank"" rel=""noopener"">https://neverwhisperjustice.com/</a>"
Niha Technologies Inc,MBE,"<a href=""https://www.nihatech.com"" target=""_blank"" rel=""noopener"">www.nihatech.com</a>"
Novo Communications LLC,MBE,"<a href=""https://www.novocommunications.com"" target=""_blank"" rel=""noopener"">www.novocommunications.com</a>"
Nude Barre,MBE/WBE,"<a href=""https://nudebarre.com/"" target=""_blank"" rel=""noopener"">https://nudebarre.com/</a>"
"Numerious, Inc",WBENC,"<a href=""https://www.numerious.com"" target=""_blank"" rel=""noopener"">www.numerious.com</a>"
Obviously,WBENC,"<a href=""https://www.obvious.ly"" target=""_blank"" rel=""noopener"">www.obvious.ly</a>"
Ocean Beach Consulting,WBENC,"<a href=""https://www.oceanb.com"" target=""_blank"" rel=""noopener"">www.oceanb.com</a>"
Oficina De Impacto,WBENC,"<a href=""https://www.oficinadeimpacto.com.br"" target=""_blank"" rel=""noopener"">www.oficinadeimpacto.com.br</a>"
"Opus Intelligence Labs, Inc",MBE,"<a href=""https://www.opusintel.co/"" target=""_blank"" rel=""noopener"">https://www.opusintel.co/</a>"
Opus LLC,MBE,"<a href=""https://www.opusunited.com"" target=""_blank"" rel=""noopener"">www.opusunited.com</a>"
Palette Group,MBE,"<a href=""https://www.palettegrp.com"" target=""_blank"" rel=""noopener"">www.palettegrp.com</a>"
Pegbo,SBE,"<a href=""https://pegbo.com/"" target=""_blank"" rel=""noopener"">https://pegbo.com/</a>"
People Tech Consulting,Texas Hub/MBE/WBE,"<a href=""https://peopletechconsulting.com/"" target=""_blank"" rel=""noopener"">https://peopletechconsulting.com/</a>"
Perfect Parts Corporation,DBE,"<a href=""http://www.perfectelectronicparts.com/index.php"" target=""_blank"" rel=""noopener"">http://www.perfectelectronicparts.com/index.php</a>"
Pharmathek,WBE,"<a href=""https://www.pharmathek.com/"" target=""_blank"" rel=""noopener"">https://www.pharmathek.com/</a>"
PiePeople Consulting Inc,MBE/SBE/WBENC/WOSB/CPUC,"<a href=""https://www.piepeople.com"" target=""_blank"" rel=""noopener"">www.piepeople.com</a>"
Pinnacle Tek LLC,WBENC/MBE,"<a href=""https://www.pinnacletek.net"" target=""_blank"" rel=""noopener"">www.pinnacletek.net</a>"
Podcast Laundry,MBE,"<a href=""https://podcastlaundry.com"" target=""_blank"" rel=""noopener"">podcastlaundry.com</a>"
Preferred Speakers,WBENC,"<a href=""https://www.preferredspeakers.com"" target=""_blank"" rel=""noopener"">www.preferredspeakers.com</a>"
Priceless One Management,MBE/WBENC,"<a href=""https://www.pricelessone.com/"" target=""_blank"" rel=""noopener"">https://www.pricelessone.com/</a>"
Priority Grading LLC,WBENC/WOSB/DBE,"<a href=""https://Prioritygrading.com"" target=""_blank"" rel=""noopener"">Prioritygrading.com</a>"
"PRMRY, LLC",WBENC,"<a href=""https://www.helloprmry.com"" target=""_blank"" rel=""noopener"">www.helloprmry.com</a>"
Profit Apps Inc,MBE,"<a href=""https://www.profit.co"" target=""_blank"" rel=""noopener"">www.profit.co</a>"
ProImpress,WBENC,"<a href=""https://proimpress.com/"" target=""_blank"" rel=""noopener"">https://proimpress.com/</a>"
Proven Patterns Inc,MBE,"<a href=""https://proven-patterns.com/"" target=""_blank"" rel=""noopener"">https://proven-patterns.com/</a>"
Proximous Inc,MBE/SBE/CPUC/DBE,"<a href=""https://www.proximous.com"" target=""_blank"" rel=""noopener"">www.proximous.com</a>"
Puppy Love Party Inc.,WBENC,"<a href=""https://www.puppyloveparty.com"" target=""_blank"" rel=""noopener"">www.puppyloveparty.com</a>"
Quebec Sol,WBE/SBE(TX Hub),"<a href=""https://quebecsol.com/"" target=""_blank"" rel=""noopener"">https://quebecsol.com/</a>"
Quick Printing Center Inc,MBE/SBE/SLEB,"<a href=""https://www.qnrprint.com"" target=""_blank"" rel=""noopener"">www.qnrprint.com</a>"
R Mo LLC,WBENC/USPAACC/SBE/MBE/EDWOSB/DBE/CPUC/BART/8a,"<a href=""https://www.rmollc.com"" target=""_blank"" rel=""noopener"">www.rmollc.com</a>"
Radixlink Inc,MBE,"<a href=""https://www.radixlink.com/"" target=""_blank"" rel=""noopener"">https://www.radixlink.com/</a>"
Ram Tech,WBE,"<a href=""https://www.ramtechconstruction.com/"" target=""_blank"" rel=""noopener"">https://www.ramtechconstruction.com/</a>"
Ray Techno Solutions,WBENC/WOSB/MBE/SBE/CPUC,"<a href=""https://n/a"" target=""_blank"" rel=""noopener"">n/a</a>"
Re Code Solutions LLC,MBE/CPUC,"<a href=""https://www.recodesolutions.com"" target=""_blank"" rel=""noopener"">www.recodesolutions.com</a>"
Rebaworx LLC,WBENC,"<a href=""https://www.rebaworx.com"" target=""_blank"" rel=""noopener"">www.rebaworx.com</a>"
Rebel Unicorn Crafts LLC,WBENC,"<a href=""https://www.rebelunicorncrafts.com"" target=""_blank"" rel=""noopener"">www.rebelunicorncrafts.com</a>"
Redolent Inc,MBE/SBE/CPUC,"<a href=""https://www.redolentech.com"" target=""_blank"" rel=""noopener"">www.redolentech.com</a>"
Reimagine Talent Co,MBE/WBENC,"<a href=""https://www.reimaginetalentco.com"" target=""_blank"" rel=""noopener"">www.reimaginetalentco.com</a>"
Resourznet Solutions,MBE/SBE,"<a href=""https://resourznet.com/"" target=""_blank"" rel=""noopener"">https://resourznet.com/</a>"
RevOne Design,WBENC/WOSB/MBE/SBE/NGLCC/CPUC,"<a href=""https://www.revonedesign.com"" target=""_blank"" rel=""noopener"">www.revonedesign.com</a>"
Right Skale Inc,WBE/SBE/WOSB/MBE,"<a href=""https://www.rightskale.com/"" target=""_blank"" rel=""noopener"">https://www.rightskale.com/</a>"
Roots Supply & Services,CPUC,"<a href=""https://www.roots-supply.com"" target=""_blank"" rel=""noopener"">www.roots-supply.com</a>"
Rootshell Enterprise Tech,MBE/SBE/CPUC,"<a href=""https://www.rootshellinc.com"" target=""_blank"" rel=""noopener"">www.rootshellinc.com</a>"
S&S Trucking,SBE/DBE,"<a href=""https://www.snsands.com"" target=""_blank"" rel=""noopener"">www.snsands.com</a>"
S3Infinity,WBE,"<a href=""https://s3infinity.com/"" target=""_blank"" rel=""noopener"">https://s3infinity.com/</a>"
Safiar Consulting Inc,MBE/SBE/WBENC/WOSB,"<a href=""https://www.safiarconsulting.com"" target=""_blank"" rel=""noopener"">www.safiarconsulting.com</a>"
Sapot Systems Inc.,MBE/WBENC,"<a href=""https://www.sapotsystems.com"" target=""_blank"" rel=""noopener"">www.sapotsystems.com</a>"
She Jobs (Surfing),WBENC/Texas Hub,"<a href=""https://www.she-jobs.co"" target=""_blank"" rel=""noopener"">www.she-jobs.co</a>"
Shine logistics group,MBE,"<a href=""https://www.shinelogisticsllc.com"" target=""_blank"" rel=""noopener"">www.shinelogisticsllc.com</a>"
Shotsie Productions,WBENC,"<a href=""https://www.shotsiepro.com"" target=""_blank"" rel=""noopener"">www.shotsiepro.com</a>"
Sigmaways Inc,MBE/SBE,"<a href=""https://www.sigmaways.com"" target=""_blank"" rel=""noopener"">www.sigmaways.com</a>"
Silicon Valley Venture Capital Corp (Global4PL),MBE/CPUC,"<a href=""http://svvcc.com/"" target=""_blank"" rel=""noopener"">http://svvcc.com/</a>"
Silver Strike LLC,MBE/CPUC,"<a href=""https://www.silver-strike.com"" target=""_blank"" rel=""noopener"">www.silver-strike.com</a>"
"Simply Robotix, LLC",WBENC,"<a href=""https://www.simplyrobotix.com"" target=""_blank"" rel=""noopener"">www.simplyrobotix.com</a>"
Sirahu Corp,SBE/MBE/WBE,"<a href=""https://www.sirahu.com/"" target=""_blank"" rel=""noopener"">https://www.sirahu.com/</a>"
SLAQR,MBE/WBENC/NGLCC,"<a href=""https://www.slaqr.com"" target=""_blank"" rel=""noopener"">www.slaqr.com</a>"
Smart Dept Inc.,CPUC/WBENC,"<a href=""https://www.thesmartdept.com"" target=""_blank"" rel=""noopener"">www.thesmartdept.com</a>"
Snackwise Solutions Inc,MBE,"<a href=""https://www.getsnackwise.com"" target=""_blank"" rel=""noopener"">www.getsnackwise.com</a>"
SoCal Building Service Inc,MBE/SBE,"<a href=""https://www.socalbuildingservice.com/"" target=""_blank"" rel=""noopener"">https://www.socalbuildingservice.com/</a>"
Sonya Paz Inc dba Vinopaint,MBE/WBENC,"<a href=""https://www.vinopaint.com"" target=""_blank"" rel=""noopener"">www.vinopaint.com</a>"
"Spacecraft, LLC",WBENC,"<a href=""https://www.spacecraftshuttle.com"" target=""_blank"" rel=""noopener"">www.spacecraftshuttle.com</a>"
"sparkSTUDIO, Inc.",WBENC/WOSB,"<a href=""https://sparkstudiodesign.com"" target=""_blank"" rel=""noopener"">sparkstudiodesign.com</a>"
SRS Consulting Inc,WBENC/CMAS/MBE,"<a href=""https://www.srsconsultinginc.com"" target=""_blank"" rel=""noopener"">www.srsconsultinginc.com</a>"
"SSRP Information Technologies, LLC",MBE,"<a href=""http://www.ssrpit.com/"" target=""_blank"" rel=""noopener"">http://www.ssrpit.com/</a>"
Stacklogy Inc,MBE/SBE,"<a href=""https://stacklogy.com"" target=""_blank"" rel=""noopener"">stacklogy.com</a>"
Stellar Soft Solutions Inc,WOSB/WBENC/SME/MBE/CPUC,"<a href=""https://www.stellarsoftinc.com"" target=""_blank"" rel=""noopener"">www.stellarsoftinc.com</a>"
Strategic Building Innovation,MBE/WBENC,"<a href=""https://www.sbi.international"" target=""_blank"" rel=""noopener"">www.sbi.international</a>"
Subarzsweets LLC,WBENC/WOSB,"<a href=""https://www.subarzsweets.com"" target=""_blank"" rel=""noopener"">www.subarzsweets.com</a>"
Supersonic Management,MBE,"<a href=""https://www.sonicmgmt.net"" target=""_blank"" rel=""noopener"">www.sonicmgmt.net</a>"
"Swisher Productions, LLC",WBENC,"<a href=""https://www.swisherproductions.com"" target=""_blank"" rel=""noopener"">www.swisherproductions.com</a>"
Synectics Inc.,MBE/WBE,"<a href=""http://www.synectics.com"" target=""_blank"" rel=""noopener"">http://www.synectics.com</a>"
Talent Junction LLC,WOSB/WBENC/SBE/MBE,"<a href=""https://www.talent-junction.com"" target=""_blank"" rel=""noopener"">www.talent-junction.com</a>"
Techees Recruiting,WBENC/SBE/CPUC,"<a href=""https://www.techees.com"" target=""_blank"" rel=""noopener"">www.techees.com</a>"
Teklus Construction,NVBDC,"<a href=""https://www.teklus.com/"" target=""_blank"" rel=""noopener"">https://www.teklus.com/</a>"
"TelePass, LLC",WBENC,"<a href=""https://www.telepassllc.com"" target=""_blank"" rel=""noopener"">www.telepassllc.com</a>"
Teneral Cellars Inc,WBENC,"<a href=""https://www.teneralcellars.com"" target=""_blank"" rel=""noopener"">www.teneralcellars.com</a>"
"Tezerakt, LLC",MBE/WBENC,"<a href=""https://www.tezerakt.com"" target=""_blank"" rel=""noopener"">www.tezerakt.com</a>"
"Tharu Technologies, LLC",MBE/WBENC/WOSB/SAM,"<a href=""https://www.tharutechnologies.com"" target=""_blank"" rel=""noopener"">www.tharutechnologies.com</a>"
The How LLC dba The How Skills,WBENC/DBE,"<a href=""https://www.thehowskills.com"" target=""_blank"" rel=""noopener"">www.thehowskills.com</a>"
The Life Currency,MBE/WBENC,"<a href=""https://www.thelifecurrency.com/"" target=""_blank"" rel=""noopener"">https://www.thelifecurrency.com/</a>"
The Miles Group,MBE/WBENC/DBE,"<a href=""https://www.themilesgroupconstruction.com"" target=""_blank"" rel=""noopener"">www.themilesgroupconstruction.com</a>"
"Thenamel, LLC",MBE,"<a href=""https://www.thenamel.com"" target=""_blank"" rel=""noopener"">www.thenamel.com</a>"
Thomas Clark Solutions LLC,MBE/NVBDC,"<a href=""https://thomasclark.solutions.com"" target=""_blank"" rel=""noopener"">thomasclark.solutions.com</a>"
TIRO Life Coaching,WOSB/WBENC/SBE/MBE/CPUC,"<a href=""https://www.tirolifecoaching.com"" target=""_blank"" rel=""noopener"">www.tirolifecoaching.com</a>"
THL Logistics,MBE/HubZone,"<a href=""https://www.tlhspeedlogistics.com"" target=""_blank"" rel=""noopener"">www.tlhspeedlogistics.com</a>"
Topa Architecture,CPUC/MBE/DBE,"<a href=""https://topaarchitecture.com/"" target=""_blank"" rel=""noopener"">https://topaarchitecture.com/</a>"
Trademark Events Production,MBE/WBENC,"<a href=""https://wearetrademark.com"" target=""_blank"" rel=""noopener"">wearetrademark.com</a>"
Translucent Resources LLC,WOSB/WBENC,"<a href=""https://www.transluc.com"" target=""_blank"" rel=""noopener"">www.transluc.com</a>"
TriCore Panels,WBENC/DBE,"<a href=""https://TriCorePanels.com"" target=""_blank"" rel=""noopener"">TriCorePanels.com</a>"
Trident Consuting,MBE/SBE/WBENC/WOSB/CPUC,"<a href=""https://www.trident.consulting/"" target=""_blank"" rel=""noopener"">https://www.trident.consulting/</a>"
Trident Security Solutions,NVBDC,"<a href=""https://www.trident-llc.com"" target=""_blank"" rel=""noopener"">www.trident-llc.com</a>"
"Trilyon, Inc",SAM/WOSB/USPAACC,"<a href=""https://trilyonservices.com/"" target=""_blank"" rel=""noopener"">https://trilyonservices.com/</a>"
Triune Infomatics,MBE/SBE/CMAS,"<a href=""https://www.triuneinfomatics.com"" target=""_blank"" rel=""noopener"">www.triuneinfomatics.com</a>"
"TurnoutNow, LLC",MBE,"<a href=""https://www.turnoutnow.com"" target=""_blank"" rel=""noopener"">www.turnoutnow.com</a>"
Unbound Solutions,MBE/WBENC,"<a href=""https://www.unboundsolutions.net"" target=""_blank"" rel=""noopener"">www.unboundsolutions.net</a>"
Urpan Technologies Inc,SBE/MBE,"<a href=""https://www.urpantech.com"" target=""_blank"" rel=""noopener"">www.urpantech.com</a>"
V Dolan Trucking,CPUC,"<a href=""http://www.vdolantrucking.com/"" target=""_blank"" rel=""noopener"">http://www.vdolantrucking.com/</a>"
VCloudSys,WOSB,"<a href=""https://n/a"" target=""_blank"" rel=""noopener"">n/a</a>"
Ven Solutions LLC,MBE/WBENC/State Cert,"<a href=""https://VENSOLVE.COM"" target=""_blank"" rel=""noopener"">VENSOLVE.COM</a>"
"VenusGeo Solutions, LLC",MBE/SBE,"<a href=""https://www.venusgeo.com"" target=""_blank"" rel=""noopener"">www.venusgeo.com</a>"
"Verb, LLC",WBE/MBE/SBE,"<a href=""https://www.pickaverb.com/"" target=""_blank"" rel=""noopener"">https://www.pickaverb.com/</a>"
Verde Associates LLC,MBE/WBENC,"<a href=""https://www.verdeassociates.com"" target=""_blank"" rel=""noopener"">www.verdeassociates.com</a>"
Versatile Studios,MBE,"<a href=""https://www.versatilestudios.com"" target=""_blank"" rel=""noopener"">www.versatilestudios.com</a>"
Viledge LLC,MBE/WBENC,"<a href=""https://www.viledge.com"" target=""_blank"" rel=""noopener"">www.viledge.com</a>"
Virago Search,WBENC,"<a href=""http://www.viragosearch.com"" target=""_blank"" rel=""noopener"">http://www.viragosearch.com</a>"
Visible Hands,MBE,"<a href=""https://www.visiblehands.vc"" target=""_blank"" rel=""noopener"">www.visiblehands.vc</a>"
VIVA Creative LLC,MBE,"<a href=""https://www.vivacreative.com"" target=""_blank"" rel=""noopener"">www.vivacreative.com</a>"
VL Technologies,WBE/WOSB/SAM,"<a href=""https://vltechllc.com/"" target=""_blank"" rel=""noopener"">https://vltechllc.com/</a>"
Voler Strategic Advisors,SBE/MBE/WBENC/WOSB,"<a href=""https://www.volersa.com"" target=""_blank"" rel=""noopener"">www.volersa.com</a>"
Von Holzhausen,WBE,"<a href=""https://vonholzhausen.com"" target=""_blank"" rel=""noopener"">vonholzhausen.com</a>"
"VR Perspectives, LLC",WBENC/WOSB,"<a href=""https://www.vrperspectives.com"" target=""_blank"" rel=""noopener"">www.vrperspectives.com</a>"
VSolutions Technologies Inc,WBE,"<a href=""https://vsolutionstech.com/"" target=""_blank"" rel=""noopener"">https://vsolutionstech.com/</a>"
"vXecute, Inc",SBE,"<a href=""https://www.vxecute.com"" target=""_blank"" rel=""noopener"">www.vxecute.com</a>"
Webmobilez Inc,WBENC,"<a href=""https://www.webmobilez.com"" target=""_blank"" rel=""noopener"">www.webmobilez.com</a>"
"Westminster Promotions, Inc.",MBE/WBENC,"<a href=""https://www.westminsterpromotions.com"" target=""_blank"" rel=""noopener"">www.westminsterpromotions.com</a>"
Whoz Nxt LLC,MBE/SBE/WBENC/CPUC,"<a href=""https://www.whoznxt.com"" target=""_blank"" rel=""noopener"">www.whoznxt.com</a>"
Wine Family Cellars LLC,MBE/WBE,"<a href=""http://www.winefamilygroup.com/"" target=""_blank"" rel=""noopener"">http://www.winefamilygroup.com/</a>"
"Wordsmithie, Inc.",WBENC,"<a href=""https://www.wordsmithie.com"" target=""_blank"" rel=""noopener"">www.wordsmithie.com</a>"
XX Artists Inc.,NGLCC,"<a href=""https://www.xxartists.com"" target=""_blank"" rel=""noopener"">www.xxartists.com</a>"
YC + D Architecture,MBE/SBE/WBENC/WOSB,"<a href=""https://www.ycplusd.com"" target=""_blank"" rel=""noopener"">www.ycplusd.com</a>"
You Are Tech,WBE/MBE/SBE,"<a href=""https://www.youaretech.com/"" target=""_blank"" rel=""noopener"">https://www.youaretech.com/</a>"
Zealtech Inc,MBE/SBE/SLEB,"<a href=""https://www.zealtechus.com"" target=""_blank"" rel=""noopener"">www.zealtechus.com</a>"
ZillionX LLC,MBE/WBENC/WOSB/CPUC,"<a href=""https://www.zillionix.com"" target=""_blank"" rel=""noopener"">www.zillionix.com</a>"
